Date,GLD,GDX
2021-07-07,168.75999450683594,32.24564743041992
2021-07-08,168.64999389648438,31.424577713012695
2021-07-09,169.2100067138672,32.0683708190918
2021-07-12,169.0,31.620513916015625
2021-07-13,169.22000122070312,31.98439598083496
2021-07-14,171.0399932861328,32.41359329223633
2021-07-15,171.07000732421875,32.62819290161133
2021-07-16,169.41000366210938,31.64850616455078
2021-07-19,169.61000061035156,30.967388153076172
2021-07-20,169.38999938964844,31.070026397705078
2021-07-21,168.75999450683594,31.368593215942383
2021-07-22,169.08999633789062,31.172657012939453
2021-07-23,168.55999755859375,30.930070877075195
2021-07-26,168.16000366210938,31.256633758544922
2021-07-27,168.44000244140625,31.424577713012695
2021-07-28,169.2899932861328,31.900423049926758
2021-07-29,171.1699981689453,32.72149658203125
2021-07-30,169.82000732421875,32.581539154052734
2021-08-02,169.61000061035156,32.45091247558594
2021-08-03,169.49000549316406,32.74015808105469
2021-08-04,169.52999877929688,32.45091247558594
2021-08-05,168.86000061035156,31.965736389160156
2021-08-06,164.63999938964844,31.014041900634766
2021-08-09,161.72000122070312,30.258285522460938
2021-08-10,161.77000427246094,29.875741958618164
2021-08-11,164.0,30.472883224487305
2021-08-12,164.0399932861328,30.006366729736328
2021-08-13,166.38999938964844,30.622169494628906
2021-08-16,167.22000122070312,30.454219818115234
2021-08-17,166.97000122070312,30.0903377532959
2021-08-18,167.10000610351562,29.3812313079834
2021-08-19,166.61000061035156,28.8867244720459
2021-08-20,166.6999969482422,28.78409194946289
2021-08-23,168.72999572753906,29.969043731689453
2021-08-24,168.64999389648438,29.959714889526367
2021-08-25,167.47999572753906,29.558509826660156
2021-08-26,167.6699981689453,29.371902465820312
2021-08-27,170.19000244140625,30.426231384277344
2021-08-30,169.35000610351562,30.01569366455078
2021-08-31,169.69000244140625,30.416898727416992
2021-09-01,169.6999969482422,30.21163558959961
2021-09-02,169.25,30.323598861694336
2021-09-03,171.05999755859375,31.05136489868164
2021-09-07,167.7100067138672,30.18364143371582
2021-09-08,167.2899932861328,30.03435707092285
2021-09-09,168.02999877929688,29.81975746154785
2021-09-10,167.17999267578125,29.390562057495117
2021-09-13,167.74000549316406,29.959714889526367
2021-09-14,168.82000732421875,30.10900115966797
2021-09-15,167.8300018310547,30.09966468811035
2021-09-16,164.02999877929688,28.849403381347656
2021-09-17,163.77000427246094,28.53217315673828
2021-09-20,164.94000244140625,28.410879135131836
2021-09-21,166.0399932861328,28.42953872680664
2021-09-22,165.4199981689453,28.457529067993164
2021-09-23,163.50999450683594,27.888381958007812
2021-09-24,163.3000030517578,27.69244384765625
2021-09-27,163.63999938964844,27.69244384765625
2021-09-28,162.0500030517578,27.403202056884766
2021-09-29,161.32000732421875,26.9740047454834
2021-09-30,164.22000122070312,27.496505737304688
2021-10-01,164.58999633789062,27.365880966186523
2021-10-04,165.36000061035156,27.6831111907959
2021-10-05,164.58999633789062,27.78574562072754
2021-10-06,165.02999877929688,28.308244705200195
2021-10-07,164.16000366210938,28.364227294921875
2021-10-08,164.22999572753906,28.616146087646484
2021-10-11,163.9199981689453,28.53217315673828
2021-10-12,164.66000366210938,29.054672241210938
2021-10-13,167.58999633789062,29.99703598022461
2021-10-14,168.0,30.650156021118164
2021-10-15,165.3300018310547,30.342260360717773
2021-10-18,164.9199981689453,30.062349319458008
2021-10-19,165.4499969482422,30.323598861694336
2021-10-20,166.89999389648438,30.65949249267578
2021-10-21,166.75,30.538196563720703
2021-10-22,167.77000427246094,30.780786514282227
2021-10-25,168.92999267578125,31.209978103637695
2021-10-26,167.67999267578125,31.023372650146484
2021-10-27,168.1199951171875,30.8834171295166
2021-10-28,168.0800018310547,30.407567977905273
2021-10-29,166.64999389648438,29.586498260498047
2021-11-01,167.52000427246094,29.726457595825195
2021-11-02,167.16000366210938,29.418556213378906
2021-11-03,165.77000427246094,29.726457595825195
2021-11-04,167.64999389648438,29.623823165893555
2021-11-05,169.83999633789062,30.55685806274414
2021-11-08,170.4499969482422,30.69681167602539
2021-11-09,171.2899932861328,31.088685989379883
2021-11-10,173.14999389648438,31.639175415039062
2021-11-11,174.1199951171875,32.37627029418945
2021-11-12,174.4499969482422,32.44158172607422
2021-11-15,174.17999267578125,32.5628776550293
2021-11-16,172.9199981689453,31.993730545043945
2021-11-17,174.5,32.24564743041992
2021-11-18,173.94000244140625,31.947080612182617
2021-11-19,172.61000061035156,31.415245056152344
2021-11-22,168.74000549316406,30.79011344909668
2021-11-23,167.27999877929688,30.323598861694336
2021-11-24,167.1199951171875,30.24895477294922
2021-11-26,166.85000610351562,29.969043731689453
2021-11-29,166.6199951171875,29.978374481201172
2021-11-30,165.5,29.670475006103516
2021-12-01,166.16000366210938,28.765430450439453
2021-12-02,165.24000549316406,28.420207977294922
2021-12-03,166.6300048828125,28.63480567932129
2021-12-06,166.22000122070312,29.036012649536133
2021-12-07,166.80999755859375,29.24127960205078
2021-12-08,166.89999389648438,29.3812313079834
2021-12-09,165.8800048828125,28.625476837158203
2021-12-10,166.5800018310547,28.448200225830078
2021-12-13,167.0,28.466861724853516
2021-12-14,165.44000244140625,28.09364891052246
2021-12-15,166.14999389648438,27.711105346679688
2021-12-16,168.16000366210938,29.1013240814209
2021-12-17,167.8000030517578,29.04534149169922
2021-12-20,167.08999633789062,29.04059410095215
2021-12-21,167.02000427246094,29.25894546508789
2021-12-22,168.58999633789062,29.581724166870117
2021-12-23,168.97000122070312,29.714632034301758
2021-12-27,169.3699951171875,29.743112564086914
2021-12-28,168.63999938964844,29.515270233154297
2021-12-29,168.58999633789062,29.638683319091797
2021-12-30,169.8000030517578,30.170320510864258
2021-12-31,170.9600067138672,30.407655715942383
2022-01-03,168.3300018310547,29.667165756225586
2022-01-04,169.57000732421875,29.790578842163086
2022-01-05,169.05999755859375,29.287424087524414
2022-01-06,166.99000549316406,28.252635955810547
2022-01-07,167.75,28.489973068237305
2022-01-10,168.25999450683594,28.96464729309082
2022-01-11,170.2899932861328,29.562734603881836
2022-01-12,170.74000549316406,30.103862762451172
2022-01-13,170.16000366210938,29.657670974731445
2022-01-14,169.6699981689453,29.40134620666504
2022-01-18,169.38999938964844,29.05008888244629
2022-01-19,172.0800018310547,31.129161834716797
2022-01-20,171.64999389648438,30.692462921142578
2022-01-21,171.08999633789062,30.046903610229492
2022-01-24,172.02999877929688,29.85703468322754
2022-01-25,172.5800018310547,30.056398391723633
2022-01-26,169.7899932861328,29.078569412231445
2022-01-27,167.60000610351562,28.176687240600586
2022-01-28,167.10000610351562,27.815933227539062
2022-01-31,168.08999633789062,28.698829650878906
2022-02-01,168.22999572753906,28.983633041381836
2022-02-02,168.83999633789062,29.078569412231445
2022-02-03,168.60000610351562,28.717815399169922
2022-02-04,168.86000061035156,28.860218048095703
2022-02-07,170.11000061035156,29.714632034301758
2022-02-08,170.6300048828125,30.046903610229492
2022-02-09,171.2100067138672,29.98994255065918
2022-02-10,170.55999755859375,29.135530471801758
2022-02-11,173.80999755859375,30.787397384643555
2022-02-14,174.74000549316406,31.41396713256836
2022-02-15,173.0800018310547,30.8443603515625
2022-02-16,174.86000061035156,31.831680297851562
2022-02-17,177.25,33.01836395263672
2022-02-18,177.1199951171875,32.7525520324707
2022-02-22,177.49000549316406,32.38230514526367
2022-02-23,178.2899932861328,32.98039627075195
2022-02-24,177.13999938964844,32.344329833984375
2022-02-25,176.5500030517578,32.64812088012695
2022-02-28,178.3800048828125,32.63862991333008
2022-03-01,181.6199951171875,34.04366683959961
2022-03-02,179.72999572753906,33.920249938964844
2022-03-03,180.8000030517578,34.195560455322266
2022-03-04,183.67999267578125,35.50566101074219
2022-03-07,186.41000366210938,36.41703796386719
2022-03-08,191.50999450683594,36.61640167236328
2022-03-09,185.82000732421875,36.19868850708008
2022-03-10,186.39999389648438,36.939178466796875
2022-03-11,185.08999633789062,36.3505859375
2022-03-14,182.3000030517578,34.869598388671875
2022-03-15,178.88999938964844,35.03098678588867
2022-03-16,180.00999450683594,35.135414123535156
2022-03-17,180.88999938964844,35.79046630859375
2022-03-18,179.3000030517578,35.334781646728516
2022-03-21,180.6699981689453,36.21767807006836
2022-03-22,179.36000061035156,35.84742736816406
2022-03-23,181.80999755859375,36.75880432128906
2022-03-24,183.1300048828125,36.606910705566406
2022-03-25,182.3800048828125,36.75880432128906
2022-03-28,179.05999755859375,35.79046630859375
2022-03-29,179.13999938964844,36.28413009643555
2022-03-30,180.5800018310547,36.692352294921875
2022-03-31,180.64999389648438,36.40754318237305
2022-04-01,179.5,37.489803314208984
2022-04-04,180.3699951171875,37.15753173828125
2022-04-05,179.24000549316406,36.34109115600586
2022-04-06,179.66000366210938,36.246158599853516
2022-04-07,180.33999633789062,36.7682991027832
2022-04-08,181.47000122070312,37.660682678222656
2022-04-11,182.3699951171875,37.45183181762695
2022-04-12,183.77000427246094,37.784095764160156
2022-04-13,184.64999389648438,38.62902069091797
2022-04-14,184.0399932861328,38.79041290283203
2022-04-18,184.61000061035156,38.79990005493164
2022-04-19,181.82000732421875,37.68916702270508
2022-04-20,182.7100067138672,38.09738540649414
2022-04-21,182.05999755859375,36.16071319580078
2022-04-22,180.2899932861328,35.068965911865234
2022-04-25,177.0500030517578,33.863285064697266
2022-04-26,177.32000732421875,33.132293701171875
2022-04-27,175.97999572753906,32.94241714477539
2022-04-28,176.92999267578125,33.616458892822266
2022-04-29,176.91000366210938,33.21773147583008
2022-05-02,173.6300048828125,32.800018310546875
2022-05-03,174.08999633789062,33.33164978027344
2022-05-04,175.8000030517578,33.96771240234375
2022-05-05,175.1300048828125,32.8759651184082
2022-05-06,175.4199981689453,32.50572204589844
2022-05-09,172.8800048828125,30.59752655029297
2022-05-10,171.4199981689453,30.084880828857422
2022-05-11,172.82000732421875,30.046903610229492
2022-05-12,170.1699981689453,28.65135955810547
2022-05-13,168.7899932861328,29.315906524658203
2022-05-16,170.39999389648438,29.600709915161133
2022-05-17,169.3300018310547,29.657670974731445
2022-05-18,169.4199981689453,28.907686233520508
2022-05-19,171.91000366210938,30.52157974243164
2022-05-20,172.02999877929688,30.436140060424805
2022-05-23,172.8300018310547,30.616514205932617
2022-05-24,174.1300048828125,31.08169937133789
2022-05-25,173.0800018310547,30.939294815063477
2022-05-26,172.75999450683594,30.749422073364258
2022-05-27,172.85000610351562,30.863344192504883
2022-05-31,171.13999938964844,30.122852325439453
2022-06-01,172.22999572753906,30.36018943786621
2022-06-02,174.35000610351562,31.660797119140625
2022-06-03,172.5800018310547,30.91081428527832
2022-06-06,171.82000732421875,30.588037490844727
2022-06-07,172.94000244140625,30.8823299407959
2022-06-08,172.77999877929688,30.673477172851562
2022-06-09,172.22999572753906,29.515270233154297
2022-06-10,174.5399932861328,30.920307159423828
2022-06-13,169.92999267578125,28.926671981811523
2022-06-14,168.57000732421875,28.195674896240234
2022-06-15,170.77000427246094,28.660856246948242
2022-06-16,172.69000244140625,29.20198631286621
2022-06-17,171.27000427246094,28.850725173950195
2022-06-21,170.6300048828125,28.95515251159668
2022-06-22,171.30999755859375,28.556427001953125
2022-06-23,170.25999450683594,27.44568634033203
2022-06-24,170.08999633789062,28.157699584960938
2022-06-27,169.89999389648438,27.97732162475586
2022-06-28,169.6199951171875,27.40771484375
2022-06-29,169.49000549316406,26.999494552612305
2022-06-30,168.4600067138672,25.993183135986328
2022-07-01,168.32000732421875,26.733675003051758
2022-07-05,164.75,25.594453811645508
2022-07-06,162.13999938964844,25.433069229125977
2022-07-07,162.22999572753906,25.784324645996094
2022-07-08,162.3000030517578,25.68939208984375
2022-07-11,161.42999267578125,25.30015754699707
2022-07-12,160.8300018310547,24.929914474487305
2022-07-13,161.60000610351562,25.47104263305664
2022-07-14,159.3300018310547,24.40777015686035
2022-07-15,159.00999450683594,24.29384994506836
2022-07-18,159.16000366210938,24.40777015686035
2022-07-19,159.5399932861328,24.702070236206055
2022-07-20,158.0399932861328,23.980562210083008
2022-07-21,160.27000427246094,24.436248779296875
2022-07-22,160.6699981689453,24.12296485900879
2022-07-25,160.22999572753906,23.344499588012695
2022-07-26,160.0399932861328,23.82866668701172
2022-07-27,161.6699981689453,24.23689079284668
2022-07-28,163.63999938964844,24.683080673217773
2022-07-29,164.10000610351562,24.939407348632812
2022-08-01,165.02999877929688,24.882444381713867
2022-08-02,164.0500030517578,24.569156646728516
2022-08-03,164.4499969482422,24.246379852294922
2022-08-04,167.1699981689453,25.09130096435547
2022-08-05,165.2899932861328,24.948898315429688
2022-08-08,166.69000244140625,25.632431030273438
2022-08-09,167.1999969482422,25.575471878051758
2022-08-10,166.77999877929688,25.75584602355957
2022-08-11,166.33999633789062,25.271677017211914
2022-08-12,167.8699951171875,25.841285705566406
2022-08-15,165.7100067138672,25.281169891357422
2022-08-16,165.4199981689453,25.37610626220703
2022-08-17,164.35000610351562,24.474225997924805
2022-08-18,163.9199981689453,24.502704620361328
2022-08-19,162.72000122070312,23.971071243286133
2022-08-22,161.63999938964844,23.990055084228516
2022-08-23,162.77000427246094,24.39827537536621
2022-08-24,163.25,24.597639083862305
2022-08-25,163.75,24.806495666503906
2022-08-26,161.75999450683594,23.638795852661133
2022-08-29,161.86000061035156,23.36348533630371
2022-08-30,160.50999450683594,22.860328674316406
2022-08-31,159.27000427246094,22.59450912475586
2022-09-01,157.8699951171875,21.891992568969727
2022-09-02,159.25999450683594,22.585020065307617
2022-09-06,158.3300018310547,22.252748489379883
2022-09-07,159.94000244140625,23.08817481994629
2022-09-08,158.97999572753906,23.126148223876953
2022-09-09,159.82000732421875,23.82866668701172
2022-09-12,160.6300048828125,24.160940170288086
2022-09-13,158.5399932861328,23.183109283447266
2022-09-14,157.92999267578125,23.230575561523438
2022-09-15,154.97999572753906,22.537551879882812
2022-09-16,155.83999633789062,22.784381866455078
2022-09-19,155.9600067138672,23.183109283447266
2022-09-20,155.07000732421875,22.54704475402832
2022-09-21,155.7899932861328,22.62299346923828
2022-09-22,155.6999969482422,22.537551879882812
2022-09-23,153.00999450683594,21.30339813232422
2022-09-26,151.22999572753906,20.752775192260742
2022-09-27,151.5399932861328,20.885684967041016
2022-09-28,154.69000244140625,22.385658264160156
2022-09-29,154.66000366210938,22.49008560180664
2022-09-30,154.6699981689453,22.898305892944336
2022-10-03,158.42999267578125,23.77170753479004
2022-10-04,160.6999969482422,24.445741653442383
2022-10-05,159.80999755859375,24.084993362426758
2022-10-06,159.6300048828125,24.350811004638672
2022-10-07,157.8800048828125,23.15462875366211
2022-10-10,155.47999572753906,22.803369522094727
2022-10-11,155.16000366210938,22.604005813598633
2022-10-12,155.99000549316406,22.803369522094727
2022-10-13,154.91000366210938,22.537551879882812
2022-10-14,152.97999572753906,21.5692138671875
2022-10-17,153.4199981689453,22.262243270874023
2022-10-18,153.75,22.41413688659668
2022-10-19,151.69000244140625,21.730606079101562
2022-10-20,151.4499969482422,22.005916595458984
2022-10-21,154.14999389648438,23.107160568237305
2022-10-24,153.64999389648438,22.717927932739258
2022-10-25,154.0,23.173614501953125
2022-10-26,154.97999572753906,23.857147216796875
2022-10-27,154.74000549316406,23.562849044799805
2022-10-28,153.16000366210938,23.467914581298828
2022-10-31,151.91000366210938,22.936277389526367
2022-11-01,153.4600067138672,23.44892692565918
2022-11-02,152.38999938964844,22.072372436523438
2022-11-03,151.80999755859375,21.53124237060547
2022-11-04,156.47000122070312,23.686264038085938
2022-11-07,155.85000610351562,23.87613296508789
2022-11-08,159.4499969482422,25.30965232849121
2022-11-09,158.64999389648438,24.910924911499023
2022-11-10,163.47999572753906,26.781143188476562
2022-11-11,164.55999755859375,26.8665828704834
2022-11-14,164.9199981689453,26.695703506469727
2022-11-15,165.5,26.439376831054688
2022-11-16,165.1199951171875,26.13558578491211
2022-11-17,163.9199981689453,25.746353149414062
2022-11-18,162.7899932861328,25.98369026184082
2022-11-21,161.8800048828125,25.803314208984375
2022-11-22,162.07000732421875,26.828609466552734
2022-11-23,163.0800018310547,27.255815505981445
2022-11-25,163.22000122070312,26.999494552612305
2022-11-28,161.92999267578125,25.917232513427734
2022-11-29,162.72999572753906,26.72418212890625
2022-11-30,164.80999755859375,27.578596115112305
2022-12-01,167.83999633789062,28.518451690673828
2022-12-02,167.25999450683594,28.404529571533203
2022-12-05,164.38999938964844,27.379234313964844
2022-12-06,164.83999633789062,27.38872718811035
2022-12-07,166.3300018310547,27.92036247253418
2022-12-08,166.47000122070312,27.92036247253418
2022-12-09,167.05999755859375,27.59758186340332
2022-12-12,165.67999267578125,27.47416877746582
2022-12-13,168.50999450683594,28.271621704101562
2022-12-14,168.10000610351562,28.12921714782715
2022-12-15,165.35000610351562,26.88557243347168
2022-12-16,166.7899932861328,27.151390075683594
2022-12-19,166.32000732421875,26.70343589782715
2022-12-20,169.0800018310547,27.74608612060547
2022-12-21,168.8000030517578,28.074325561523438
2022-12-22,166.75999450683594,27.76539421081543
2022-12-23,167.25999450683594,27.87158966064453
2022-12-27,168.6699981689453,28.576345443725586
2022-12-28,167.91000366210938,27.688161849975586
2022-12-29,168.85000610351562,27.823318481445312
2022-12-30,169.63999938964844,27.668851852416992
2023-01-03,171.05999755859375,28.63426971435547
2023-01-04,172.6699981689453,29.850692749023438
2023-01-05,170.52000427246094,29.59003257751465
2023-01-06,173.7100067138672,30.468563079833984
2023-01-09,174.10000610351562,30.178937911987305
2023-01-10,174.74000549316406,30.73887825012207
2023-01-11,174.6199951171875,30.47821617126465
2023-01-12,176.63999938964844,31.067121505737305
2023-01-13,178.75999450683594,31.52086639404297
2023-01-17,177.58999633789062,30.42994499206543
2023-01-18,177.0800018310547,30.130664825439453
2023-01-19,179.88999938964844,30.912654876708984
2023-01-20,179.2899932861328,31.298818588256836
2023-01-23,179.6300048828125,31.27951431274414
2023-01-24,180.27999877929688,31.598100662231445
2023-01-25,181.11000061035156,32.119422912597656
2023-01-26,179.47000122070312,31.62706184387207
2023-01-27,179.22000122070312,31.192626953125
2023-01-30,178.75999450683594,30.729223251342773
2023-01-31,179.41000366210938,30.912654876708984
2023-02-01,181.6699981689453,31.607757568359375
2023-02-02,177.89999389648438,30.623027801513672
2023-02-03,173.4600067138672,29.27144432067871
2023-02-06,173.82000732421875,29.16524887084961
2023-02-07,173.97999572753906,29.570724487304688
2023-02-08,174.41000366210938,29.31971549987793
2023-02-09,173.02999877929688,28.730812072753906
2023-02-10,173.36000061035156,28.595653533935547
2023-02-13,172.47999572753906,28.557035446166992
2023-02-14,172.61000061035156,28.614961624145508
2023-02-15,170.88999938964844,27.79435920715332
2023-02-16,170.75,27.678508758544922
2023-02-17,171.25999450683594,27.42749786376953
2023-02-21,170.6199951171875,27.137874603271484
2023-02-22,169.66000366210938,26.50069808959961
2023-02-23,169.57000732421875,26.36553955078125
2023-02-24,168.35000610351562,26.056604385375977
2023-02-27,169.00999450683594,26.25934600830078
2023-02-28,169.77999877929688,26.558624267578125
2023-03-01,170.75999450683594,27.137874603271484
2023-03-02,170.66000366210938,27.195798873901367
2023-03-03,172.49000549316406,27.639888763427734
2023-03-06,171.6199951171875,27.108911514282227
2023-03-07,168.6199951171875,25.960063934326172
2023-03-08,168.5399932861328,25.882831573486328
2023-03-09,170.1999969482422,25.757326126098633
2023-03-10,173.8699951171875,26.25934600830078
2023-03-13,177.86000061035156,28.093637466430664
2023-03-14,176.8300018310547,28.31568145751953
2023-03-15,178.2100067138672,28.31568145751953
2023-03-16,178.57000732421875,28.151559829711914
2023-03-17,183.77000427246094,29.52245330810547
2023-03-20,183.83999633789062,30.03412628173828
2023-03-21,180.3699951171875,28.962509155273438
2023-03-22,183.44000244140625,29.503145217895508
2023-03-23,185.74000549316406,30.22720718383789
2023-03-24,183.64999389648438,30.458908081054688
2023-03-27,181.9499969482422,30.42994499206543
2023-03-28,183.44000244140625,31.192626953125
2023-03-29,182.52999877929688,30.931962966918945
2023-03-30,184.17999267578125,31.39536476135254
2023-03-31,183.22000122070312,31.23124122619629
2023-04-03,184.5399932861328,31.93599510192871
2023-04-04,187.97999572753906,33.007606506347656
2023-04-05,187.8300018310547,33.15242385864258
2023-04-06,186.49000549316406,33.23930740356445
2023-04-10,185.11000061035156,32.81452560424805
2023-04-11,186.27999877929688,33.384124755859375
2023-04-12,187.19000244140625,33.71236038208008
2023-04-13,189.72000122070312,34.62950897216797
2023-04-14,186.36000061035156,33.87648391723633
2023-04-17,185.52999877929688,33.11380386352539
2023-04-18,186.25,33.355159759521484
2023-04-19,185.36000061035156,32.90141677856445
2023-04-20,186.08999633789062,32.882102966308594
2023-04-21,184.25,32.44766616821289
2023-04-24,184.80999755859375,32.54420852661133
2023-04-25,185.75,32.60213088989258
2023-04-26,184.74000549316406,32.17735290527344
2023-04-27,184.75,32.67936325073242
2023-04-28,184.8000030517578,32.418704986572266
2023-05-01,183.97000122070312,32.254581451416016
2023-05-02,187.52000427246094,33.53858947753906
2023-05-03,189.11000061035156,33.654441833496094
2023-05-04,190.44000244140625,34.45573043823242
2023-05-05,187.4600067138672,34.17576217651367
2023-05-08,187.69000244140625,34.137149810791016
2023-05-09,189.02000427246094,34.030948638916016
2023-05-10,188.75,33.78960037231445
2023-05-11,187.1300048828125,32.360782623291016
2023-05-12,186.80999755859375,32.43801498413086
2023-05-15,187.2100067138672,32.7372932434082
2023-05-16,184.8699951171875,31.868412017822266
2023-05-17,184.22999572753906,31.598100662231445
2023-05-18,181.83999633789062,30.777494430541992
2023-05-19,183.63999938964844,31.047813415527344
2023-05-22,183.2100067138672,30.767841339111328
2023-05-23,183.42999267578125,30.555448532104492
2023-05-24,181.9499969482422,29.850692749023438
2023-05-25,180.1999969482422,29.21352195739746
2023-05-26,180.9199981689453,29.35833168029785
2023-05-30,182.0399932861328,29.155595779418945
2023-05-31,182.32000732421875,29.841039657592773
2023-06-01,183.75999450683594,30.902997970581055
2023-06-02,181.0500030517578,30.323747634887695
2023-06-05,182.13999938964844,30.468563079833984
2023-06-06,182.33999633789062,30.53614044189453
2023-06-07,180.14999389648438,29.976200103759766
2023-06-08,182.52999877929688,30.449254989624023
2023-06-09,182.0399932861328,30.00516128540039
2023-06-12,181.8800048828125,30.15962791442871
2023-06-13,180.5399932861328,29.821733474731445
2023-06-14,180.63999938964844,29.802425384521484
2023-06-15,181.91000366210938,29.927928924560547
2023-06-16,181.6300048828125,30.304441452026367
2023-06-20,179.75,29.09766960144043
2023-06-21,179.49000549316406,29.020435333251953
2023-06-22,177.7100067138672,28.817699432373047
2023-06-23,178.1999969482422,28.75977325439453
2023-06-26,178.50999450683594,29.03009033203125
2023-06-27,177.69000244140625,28.624614715576172
2023-06-28,177.27999877929688,28.20948600769043
2023-06-29,177.08999633789062,28.595653533935547
2023-06-30,178.27000427246094,29.068706512451172
2023-07-03,178.47000122070312,29.628650665283203
2023-07-05,177.83999633789062,28.798389434814453
2023-07-06,177.30999755859375,28.064672470092773
2023-07-07,178.63999938964844,28.43153190612793
2023-07-10,178.77999877929688,29.001127243041992
2023-07-11,179.4499969482422,29.194210052490234
2023-07-12,181.8800048828125,30.71957015991211
2023-07-13,182.00999450683594,31.076772689819336
2023-07-14,181.42999267578125,30.854726791381836
2023-07-17,181.55999755859375,30.864383697509766
2023-07-18,183.63999938964844,31.501558303833008
2023-07-19,183.6699981689453,31.240896224975586
2023-07-20,182.74000549316406,30.304441452026367
2023-07-21,182.17999267578125,30.400983810424805
2023-07-24,181.39999389648438,30.20789909362793
2023-07-25,182.41000366210938,30.680953979492188
2023-07-26,183.3000030517578,30.555448532104492
2023-07-27,180.4199981689453,29.30040740966797
2023-07-28,181.86000061035156,29.657611846923828
2023-07-31,182.35000610351562,30.323747634887695
2023-08-01,180.4600067138672,29.18455696105957
2023-08-02,179.60000610351562,28.267412185668945
2023-08-03,179.5399932861328,28.267412185668945
2023-08-04,180.19000244140625,28.53772735595703
2023-08-07,179.77999877929688,28.31568145751953
2023-08-08,178.63999938964844,28.074325561523438
2023-08-09,177.7899932861328,28.12259864807129
2023-08-10,177.60000610351562,28.161216735839844
2023-08-11,177.60000610351562,28.441186904907227
2023-08-14,177.05999755859375,27.948823928833008
2023-08-15,176.58999633789062,27.23441505432129
2023-08-16,175.57000732421875,26.867557525634766
2023-08-17,175.3000030517578,26.65516471862793
2023-08-18,175.3300018310547,26.50069808959961
2023-08-21,175.80999755859375,26.751705169677734
2023-08-22,176.10000610351562,26.98340606689453
2023-08-23,177.88999938964844,27.74608612060547
2023-08-24,177.85000610351562,27.688161849975586
2023-08-25,177.6199951171875,27.417842864990234
2023-08-28,178.1300048828125,27.997095108032227
2023-08-29,179.8699951171875,28.508766174316406
2023-08-30,180.32000732421875,28.499113082885742
2023-08-31,180.02000427246094,28.24810218811035
2023-09-01,180.11000061035156,28.083982467651367
2023-09-05,178.63999938964844,27.504730224609375
2023-09-06,177.8300018310547,27.485424041748047
2023-09-07,178.02000427246094,27.301992416381836
2023-09-08,178.0800018310547,27.35991859436035
2023-09-11,178.41000366210938,27.775047302246094
2023-09-12,177.49000549316406,27.79435920715332
2023-09-13,177.0800018310547,27.726778030395508
2023-09-14,177.1699981689453,28.103290557861328
2023-09-15,178.33999633789062,28.69219398498535
2023-09-18,179.38999938964844,28.72115707397461
2023-09-19,179.22000122070312,28.38326072692871
2023-09-20,179.35000610351562,28.682540893554688
2023-09-21,178.0500030517578,27.910205841064453
2023-09-22,178.6199951171875,27.87158966064453
2023-09-25,177.6999969482422,27.52404022216797
2023-09-26,176.27999877929688,26.780668258666992
2023-09-27,174.10000610351562,25.979373931884766
2023-09-28,173.22999572753906,26.114530563354492
2023-09-29,171.4499969482422,25.979373931884766
2023-10-02,169.64999389648438,25.091190338134766
2023-10-03,169.16000366210938,25.168420791625977
2023-10-04,169.13999938964844,25.01395606994629
2023-10-05,168.8300018310547,25.40977668762207
2023-10-06,169.6999969482422,25.960063934326172
2023-10-09,172.82000732421875,26.58758544921875
2023-10-10,172.52999877929688,26.848247528076172
2023-10-11,173.7899932861328,27.34061050415039
2023-10-12,173.25999450683594,26.780668258666992
2023-10-13,178.8300018310547,27.948823928833008
2023-10-16,177.9600067138672,27.997095108032227
2023-10-17,178.2899932861328,28.508766174316406
2023-10-18,180.8699951171875,28.43153190612793
2023-10-19,183.08999633789062,28.489456176757812
2023-10-20,183.58999633789062,28.460494995117188
2023-10-23,182.97000122070312,28.22879409790039
2023-10-24,182.9499969482422,28.24810218811035
2023-10-25,183.72000122070312,27.784704208374023
2023-10-26,184.00999450683594,27.533693313598633
2023-10-27,186.14999389648438,28.19017791748047
2023-10-30,185.10000610351562,27.775047302246094
2023-10-31,184.08999633789062,27.041332244873047
2023-11-01,183.50999450683594,27.137874603271484
2023-11-02,184.1199951171875,27.282686233520508
2023-11-03,184.7899932861328,28.45083999633789
2023-11-06,183.35000610351562,28.14190673828125
2023-11-07,182.58999633789062,27.601272583007812
2023-11-08,180.77000427246094,26.732398986816406
2023-11-09,181.49000549316406,26.63585662841797
2023-11-10,179.50999450683594,26.307615280151367
2023-11-13,180.50999450683594,26.104877471923828
2023-11-14,182.1199951171875,27.350265502929688
2023-11-15,181.63999938964844,27.215106964111328
2023-11-16,183.69000244140625,27.620582580566406
2023-11-17,183.6699981689453,27.446807861328125
2023-11-20,183.3699951171875,27.52404022216797
2023-11-21,185.35000610351562,28.199832916259766
2023-11-22,184.55999755859375,28.238449096679688
2023-11-24,185.52000427246094,28.306026458740234
2023-11-27,186.77000427246094,28.75977325439453
2023-11-28,189.25999450683594,30.14031982421875
2023-11-29,189.5399932861328,30.12101173400879
2023-11-30,188.75,30.236862182617188
2023-12-01,192.00999450683594,30.709917068481445
2023-12-04,187.86000061035156,29.947237014770508
2023-12-05,187.14999389648438,29.42591094970703
2023-12-06,187.83999633789062,29.36798667907715
2023-12-07,188.14999389648438,29.27144432067871
2023-12-08,185.63999938964844,28.65357780456543
2023-12-11,183.58999633789062,28.528074264526367
2023-12-12,183.49000549316406,27.861936569213867
2023-12-13,187.6300048828125,29.638303756713867
2023-12-14,188.72999572753906,30.22720718383789
2023-12-15,187.0,29.879657745361328
2023-12-18,187.85000610351562,30.15441131591797
2023-12-19,189.1300048828125,30.95905303955078
2023-12-20,188.10000610351562,30.203475952148438
2023-12-21,189.42999267578125,30.762798309326172
2023-12-22,190.27000427246094,30.9688663482666
2023-12-26,191.72000122070312,31.076807022094727
2023-12-27,192.58999633789062,31.380998611450195
2023-12-28,191.47000122070312,30.586170196533203
2023-12-29,191.1699981689453,30.429168701171875
2024-01-02,190.72000122070312,29.98759651184082
2024-01-03,189.1300048828125,29.20258140563965
2024-01-04,189.32000732421875,29.21239471435547
2024-01-05,189.35000610351562,29.21239471435547
2024-01-08,187.8699951171875,29.143707275390625
2024-01-09,187.92999267578125,28.623632431030273
2024-01-10,187.5,28.564756393432617
2024-01-11,187.8699951171875,28.348875045776367
2024-01-12,189.7100067138672,29.143707275390625
2024-01-16,187.91000366210938,27.858240127563477
2024-01-17,185.83999633789062,26.99472427368164
2024-01-18,187.3699951171875,27.073225021362305
2024-01-19,187.92999267578125,27.171354293823242
2024-01-22,187.22000122070312,27.083038330078125
2024-01-23,187.9499969482422,27.70123863220215
2024-01-24,186.39999389648438,27.18116569519043
2024-01-25,187.13999938964844,27.720863342285156
2024-01-26,187.00999450683594,27.544235229492188
2024-01-29,188.3300018310547,27.82880401611328
2024-01-30,188.58999633789062,27.62273597717285
2024-01-31,188.4499969482422,27.416671752929688
2024-02-01,190.41000366210938,28.486255645751953
2024-02-02,188.61000061035156,27.49517250061035
2024-02-05,187.57000732421875,26.8475341796875
2024-02-06,188.5500030517578,27.200790405273438
2024-02-07,188.5,26.945659637451172
2024-02-08,188.3300018310547,26.78865623474121
2024-02-09,187.60000610351562,26.4648380279541
2024-02-12,187.11000061035156,26.778844833374023
2024-02-13,184.52999877929688,25.405067443847656
2024-02-14,184.4199981689453,25.52281951904297
2024-02-15,185.66000366210938,26.268585205078125
2024-02-16,186.33999633789062,26.35689926147461
2024-02-20,187.47000122070312,26.48446273803711
2024-02-21,187.47999572753906,26.317649841308594
2024-02-22,187.55999755859375,25.670011520385742
2024-02-23,188.6199951171875,26.16064453125
2024-02-26,188.1999969482422,25.758323669433594
2024-02-27,188.0,25.54244613647461
2024-02-28,188.33999633789062,25.297128677368164
2024-02-29,189.30999755859375,25.86626434326172
2024-03-01,192.88999938964844,26.818096160888672
2024-03-04,196.00999450683594,27.975994110107422
2024-03-05,197.19000244140625,28.123184204101562
2024-03-06,198.80999755859375,28.613819122314453
2024-03-07,199.94000244140625,29.055391311645508
2024-03-08,201.6300048828125,29.084829330444336
2024-03-11,202.0,29.565650939941406
2024-03-12,199.7899932861328,29.02595329284668
2024-03-13,201.19000244140625,29.722654342651367
2024-03-14,200.35000610351562,29.33014678955078
2024-03-15,199.7100067138672,29.33014678955078
2024-03-18,200.02999877929688,29.182954788208008
2024-03-19,199.8000030517578,28.51569175720215
2024-03-20,202.17999267578125,29.69321632385254
2024-03-21,201.97000122070312,29.398834228515625
2024-03-22,200.35000610351562,29.045578002929688
2024-03-25,200.99000549316406,29.271270751953125
2024-03-26,201.63999938964844,29.290895462036133
2024-03-27,203.10000610351562,30.380104064941406
2024-03-28,205.72000122070312,31.02774429321289
2024-04-01,207.82000732421875,31.43006134033203
2024-04-02,210.88999938964844,31.832382202148438
2024-04-03,212.74000549316406,32.51927185058594
2024-04-04,211.52000427246094,32.166015625
2024-04-05,215.13999938964844,33.20615768432617
2024-04-08,216.47999572753906,32.97065734863281
2024-04-09,217.6699981689453,33.539791107177734
2024-04-10,215.61000061035156,33.049156188964844
2024-04-11,219.8000030517578,33.80473709106445
2024-04-12,216.88999938964844,33.12765884399414
2024-04-15,220.9499969482422,32.90196228027344
2024-04-16,221.22000122070312,32.41133117675781
2024-04-17,219.58999633789062,32.921592712402344
2024-04-18,220.33999633789062,33.11784362792969
2024-04-19,221.02999877929688,33.431854248046875
2024-04-22,215.57000732421875,31.92069435119629
2024-04-23,215.0399932861328,32.43095779418945
2024-04-24,214.63999938964844,32.4996452331543
2024-04-25,215.9199981689453,33.68698501586914
2024-04-26,216.6199951171875,33.93230056762695
2024-04-29,216.17999267578125,34.118743896484375
2024-04-30,211.8699951171875,32.50946044921875
2024-05-01,213.7899932861328,32.695899963378906
2024-05-02,213.1300048828125,32.95103073120117
2024-05-03,212.9600067138672,32.81365203857422
2024-05-06,215.1999969482422,33.56922912597656
2024-05-07,214.2100067138672,33.52997970581055
2024-05-08,213.5800018310547,33.520164489746094
2024-05-09,216.9499969482422,34.69769287109375
2024-05-10,218.7100067138672,34.58974838256836
2024-05-13,216.25999450683594,34.295372009277344
2024-05-14,218.08999633789062,34.736942291259766
2024-05-15,220.88999938964844,35.237388610839844
2024-05-16,220.02999877929688,34.992069244384766
2024-05-17,223.66000366210938,36.17940902709961
2024-05-20,224.55999755859375,36.542476654052734
2024-05-21,224.22999572753906,36.238285064697266
2024-05-22,220.11000061035156,34.78600311279297
2024-05-23,215.72000122070312,34.09911346435547
2024-05-24,215.9199981689453,34.59955978393555
2024-05-28,218.19000244140625,35.423828125
2024-05-29,216.16000366210938,34.5308723449707
2024-05-30,216.57000732421875,34.893943786621094
2024-05-31,215.3000030517578,34.63881301879883
2024-06-03,217.22000122070312,34.844879150390625
2024-06-04,215.27000427246094,33.539791107177734
2024-06-05,217.82000732421875,34.138370513916016
2024-06-06,219.42999267578125,35.335514068603516
2024-06-07,211.60000610351562,32.911781311035156
2024-06-10,213.5399932861328,33.392601013183594
2024-06-11,214.14999389648438,33.11784362792969
2024-06-12,214.72000122070312,33.363162994384766
2024-06-13,212.97000122070312,32.529083251953125
2024-06-14,215.72999572753906,32.78421401977539
2024-06-17,214.61000061035156,32.578147888183594
2024-06-18,215.47000122070312,33.068782806396484
2024-06-20,218.16000366210938,33.902862548828125
2024-06-21,214.77999877929688,33.35335159301758
2024-06-24,215.6300048828125,33.60847854614258
2024-06-25,214.55999755859375,33.20615768432617
2024-06-26,212.5800018310547,33.1865348815918
2024-06-27,214.99000549316406,33.5888557434082
2024-06-28,215.00999450683594,33.29447555541992
2024-07-01,215.57000732421875,33.25522232055664
2024-07-02,215.55999755859375,33.382789611816406
2024-07-03,217.99000549316406,34.61918640136719
2024-07-05,220.92999267578125,35.59064865112305
2024-07-08,218.19000244140625,35.423828125
2024-07-09,218.55999755859375,35.43363952636719
2024-07-10,219.36000061035156,36.35603332519531
2024-07-11,223.25,37.376556396484375
2024-07-12,223.11000061035156,37.455055236816406
2024-07-15,223.8300018310547,37.23917770385742
2024-07-16,228.2899932861328,38.54426574707031
2024-07-17,227.22999572753906,37.71999740600586
2024-07-18,225.77999877929688,37.160675048828125
2024-07-19,221.72999572753906,36.689666748046875
2024-07-22,221.8000030517578,36.74854278564453
2024-07-23,222.5800018310547,36.74854278564453
2024-07-24,221.8000030517578,36.53266525268555
2024-07-25,218.3300018310547,35.512142181396484
2024-07-26,220.6300048828125,35.79671096801758
2024-07-29,220.32000732421875,35.953712463378906
2024-07-30,222.52000427246094,36.25790786743164
2024-07-31,226.5500030517578,37.21955108642578
2024-08-01,225.77000427246094,36.57191467285156
2024-08-02,225.33999633789062,35.79671096801758
2024-08-05,222.47999572753906,34.67806625366211
2024-08-06,220.6999969482422,34.9626350402832
2024-08-07,220.5500030517578,34.05986404418945
2024-08-08,224.00999450683594,34.884132385253906
2024-08-09,224.55999755859375,35.168701171875
2024-08-12,228.41000366210938,36.20884704589844
2024-08-13,228.05999755859375,36.67985534667969
2024-08-14,226.1999969482422,36.414913177490234
2024-08-15,226.91000366210938,36.5915412902832
2024-08-16,231.99000549316406,37.769065856933594
2024-08-19,231.61000061035156,38.485389709472656
2024-08-20,232.4600067138672,38.76014709472656
2024-08-21,232.14999389648438,39.025089263916016
2024-08-22,229.3699951171875,38.05363082885742
2024-08-23,232.02000427246094,38.60314178466797
2024-08-26,232.75999450683594,38.49520492553711
2024-08-27,233.38999938964844,38.485389709472656
2024-08-28,231.75,37.64149856567383
2024-08-29,232.9499969482422,38.15176010131836
2024-08-30,231.2899932861328,37.89662551879883
2024-09-03,230.2899932861328,36.57191467285156
2024-09-04,230.42999267578125,36.218658447265625
2024-09-05,232.35000610351562,36.63079071044922
2024-09-06,230.6300048828125,35.63970947265625
2024-09-09,231.60000610351562,36.07146453857422
2024-09-10,232.6199951171875,36.52285385131836
2024-09-11,232.25,36.689666748046875
2024-09-12,236.3300018310547,38.47557830810547
2024-09-13,238.67999267578125,39.33909606933594
2024-09-16,238.66000366210938,39.14284133911133
2024-09-17,237.33999633789062,38.750335693359375
2024-09-18,235.50999450683594,38.32838821411133
2024-09-19,239.1699981689453,38.97602462768555
2024-09-20,242.2100067138672,39.751224517822266
2024-09-23,242.67999267578125,39.57460403442383
2024-09-24,246.07000732421875,40.63437271118164
2024-09-25,245.72999572753906,40.53624725341797
2024-09-26,246.97999572753906,40.86006164550781
2024-09-27,245.02000427246094,39.604042053222656
2024-09-30,243.05999755859375,39.07415008544922
2024-10-01,245.61000061035156,39.692352294921875
2024-10-02,245.66000366210938,39.61384963989258
2024-10-03,245.49000549316406,38.81902313232422
2024-10-04,245.0,38.809207916259766
2024-10-07,244.1699981689453,38.298946380615234
2024-10-08,242.3699951171875,38.259700775146484
2024-10-09,241.0500030517578,38.063446044921875
2024-10-10,242.82000732421875,39.12321472167969
2024-10-11,245.47000122070312,39.29984664916992
2024-10-14,245.07000732421875,39.40778350830078
2024-10-15,245.9199981689453,39.91804504394531
2024-10-16,247.14999389648438,40.232051849365234
2024-10-17,248.6300048828125,40.71287155151367
2024-10-18,251.27000427246094,42.34178161621094
2024-10-21,251.22000122070312,42.41046905517578
2024-10-22,253.92999267578125,43.2641716003418
2024-10-23,250.8699951171875,42.4497184753418
2024-10-24,252.8000030517578,41.340885162353516
2024-10-25,253.32000732421875,40.78156280517578
2024-10-28,253.3300018310547,40.58530807495117
2024-10-29,256.0899963378906,41.23294448852539
2024-10-30,257.5,40.73249435424805
2024-10-31,253.50999450683594,39.58441162109375
2024-11-01,252.47000122070312,39.10358810424805
2024-11-04,252.8300018310547,39.15265655517578
2024-11-05,253.39999389648438,39.35872268676758
2024-11-06,245.6999969482422,37.916255950927734
2024-11-07,249.64999389648438,38.828834533691406
2024-11-08,247.9600067138672,38.28913879394531
2024-11-11,242.13999938964844,36.042030334472656
2024-11-12,240.0500030517578,35.43363952636719
2024-11-13,237.6300048828125,34.893943786621094
2024-11-14,237.00999450683594,35.05094909667969
2024-11-15,236.58999633789062,34.844879150390625
2024-11-18,241.08999633789062,36.326595306396484
2024-11-19,243.25,37.17049026489258
2024-11-20,244.6199951171875,37.01348876953125
2024-11-21,246.66000366210938,37.42561721801758
2024-11-22,249.83999633789062,37.56299591064453
2024-11-25,242.47999572753906,36.4443473815918
2024-11-26,242.9499969482422,36.5915412902832
2024-11-27,243.49000549316406,36.74854278564453
2024-11-29,245.58999633789062,36.954612731933594
2024-12-02,243.44000244140625,36.14015579223633
2024-12-03,243.92999267578125,36.99386215209961
2024-12-04,244.6699981689453,36.89573287963867
2024-12-05,242.86000061035156,36.82704544067383
2024-12-06,242.9499969482422,36.13034439086914
2024-12-09,245.36000061035156,37.199928283691406
2024-12-10,248.58999633789062,37.26861572265625
2024-12-11,250.9600067138672,38.357826232910156
2024-12-12,247.27999877929688,36.954612731933594
2024-12-13,244.2899932861328,35.963531494140625
2024-12-16,244.8800048828125,35.737831115722656
2024-12-17,243.94000244140625,35.512142181396484
2024-12-18,239.25999450683594,33.883235931396484
2024-12-19,239.60000610351562,33.74585723876953
2024-12-20,242.10000610351562,34.079490661621094
2024-12-23,240.9600067138672,34.16189193725586
2024-12-24,241.44000244140625,34.16189193725586
2024-12-26,243.07000732421875,34.221458435058594
2024-12-27,241.39999389648438,34.012969970703125
2024-12-30,240.6300048828125,33.52650451660156
2024-12-31,242.1300048828125,33.665496826171875
2025-01-02,245.4199981689453,35.08518600463867
2025-01-03,243.49000549316406,34.74763870239258
2025-01-06,243.19000244140625,34.330665588378906
2025-01-07,244.55999755859375,34.79727554321289
2025-01-08,245.86000061035156,35.64114761352539
2025-01-10,248.2100067138672,35.71064376831055
2025-01-13,245.74000549316406,35.12489700317383
2025-01-14,247.02999877929688,36.05812072753906
2025-01-15,248.8800048828125,36.45523452758789
2025-01-16,250.60000610351562,36.355953216552734
2025-01-17,249.27000427246094,36.48501968383789
2025-01-21,253.1300048828125,37.33881759643555
2025-01-22,254.42999267578125,37.25939178466797
2025-01-23,254.07000732421875,37.229610443115234
2025-01-24,255.64999389648438,37.676368713378906
2025-01-27,252.99000549316406,37.080692291259766
2025-01-28,255.17999267578125,37.42816925048828
2025-01-29,254.1999969482422,37.62672805786133
2025-01-30,258.04998779296875,39.135765075683594
2025-01-31,258.55999755859375,38.67908477783203
2025-02-03,259.94000244140625,39.274757385253906
2025-02-04,262.5,39.74136734008789
2025-02-05,264.1300048828125,40.74408721923828
2025-02-06,263.42999267578125,40.833438873291016
2025-02-07,263.8999938964844,40.56538391113281
2025-02-10,268.3699951171875,41.65745162963867
2025-02-11,267.3900146484375,41.14120101928711
2025-02-12,267.6700134277344,41.826229095458984
2025-02-13,270.30999755859375,42.20348358154297
2025-02-14,266.2900085449219,40.78379821777344
2025-02-18,270.70001220703125,41.240482330322266
2025-02-19,270.8500061035156,41.240482330322266
2025-02-20,270.989990234375,41.9354362487793
2025-02-21,270.739990234375,40.50581741333008
2025-02-24,272.2099914550781,40.674591064453125
2025-02-25,268.6199951171875,40.088844299316406
2025-02-26,269.0299987792969,40.56538391113281
2025-02-27,264.92999267578125,39.17547607421875
2025-02-28,263.2699890136719,39.4336051940918
2025-03-03,266.739990234375,39.423675537109375
2025-03-04,269.05999755859375,39.989566802978516
2025-03-05,269.6199951171875,41.39932632446289
2025-03-06,268.25,41.0617790222168
2025-03-07,268.3900146484375,41.339759826660156
2025-03-10,266.0400085449219,40.2179069519043
2025-03-11,269.1600036621094,41.5383186340332
2025-03-12,270.3299865722656,41.59788513183594
2025-03-13,275.1300048828125,42.8984375
2025-03-14,275.239990234375,43.325340270996094
2025-03-17,276.7300109863281,44.248634338378906
2025-03-18,279.9599914550781,44.526611328125
2025-03-19,281.1099853515625,44.903873443603516
2025-03-20,280.75,44.834381103515625
2025-03-21,278.489990234375,44.17913818359375
2025-03-24,277.25,43.93094253540039
2025-03-25,278.4700012207031,44.69538879394531
2025-03-26,278.239990234375,44.3479118347168
2025-03-27,281.9700012207031,45.430049896240234
2025-03-28,284.05999755859375,45.241424560546875
2025-03-31,288.1400146484375,45.63854217529297
2025-04-01,287.57000732421875,45.469764709472656
2025-04-02,288.1600036621094,45.430049896240234
2025-04-03,286.4200134277344,45.390342712402344
2025-04-04,279.7200012207031,41.37947082519531
2025-04-07,273.7099914550781,41.15113067626953
2025-04-08,275.20001220703125,41.20077133178711
2025-04-09,285.3800048828125,44.66560745239258
2025-04-10,292.3500061035156,46.82988357543945
2025-04-11,297.92999267578125,49.341644287109375
2025-04-14,296.2300109863281,49.65933609008789
2025-04-15,297.7799987792969,50.16565704345703
2025-04-16,307.4700012207031,51.535709381103516
2025-04-17,306.1199951171875,50.5528450012207
2025-04-21,315.5899963378906,51.287513732910156
2025-04-22,311.1099853515625,49.867820739746094
2025-04-23,303.6499938964844,48.378639221191406
2025-04-24,308.07000732421875,49.40121078491211
2025-04-25,304.7300109863281,48.45806121826172
2025-04-28,309.07000732421875,49.07359313964844
2025-04-29,306.05999755859375,48.13043975830078
2025-04-30,303.7699890136719,48.6566162109375
2025-05-01,297.4599914550781,46.85967254638672
2025-05-02,297.9800109863281,46.740535736083984
2025-05-05,306.8800048828125,48.36871337890625
2025-05-06,315.4800109863281,50.42378616333008
2025-05-07,310.75,49.460777282714844
2025-05-08,304.6300048828125,48.527557373046875
2025-05-09,306.8399963378906,50.006813049316406
2025-05-12,298.19000244140625,46.283851623535156
2025-05-13,299.4599914550781,46.204429626464844
2025-05-14,293.1600036621094,45.22156524658203
2025-05-15,297.8399963378906,46.15479278564453
2025-05-16,294.239990234375,45.99594497680664
2025-05-19,298.0299987792969,46.998661041259766
2025-05-20,303.5799865722656,48.45806121826172
2025-05-21,305.82000732421875,49.083518981933594
2025-05-22,303.1099853515625,48.82539367675781
2025-05-23,309.75,50.16565704345703
2025-05-27,304.5,49.41114044189453
2025-05-28,303.80999755859375,49.98695755004883
2025-05-29,305.6099853515625,49.91746139526367
2025-05-30,303.6000061035156,50.28479766845703
2025-06-02,311.6700134277344,53.38229751586914
2025-06-03,308.9100036621094,52.70720291137695
2025-06-04,310.8999938964844,52.82633590698242
2025-06-05,309.3299865722656,52.76676940917969
2025-06-06,305.17999267578125,51.247798919677734
2025-06-09,306.6199951171875,51.75412368774414
2025-06-10,306.7099914550781,51.05916976928711
2025-06-11,308.3699951171875,51.56549072265625
2025-06-12,312.20001220703125,53.14402770996094
2025-06-13,316.2900085449219,54.06732177734375
2025-06-16,311.7799987792969,53.163883209228516
2025-06-17,311.94000244140625,53.12417221069336
2025-06-18,310.260009765625,52.61785125732422
2025-06-20,310.1300048828125,51.91297149658203
2025-06-23,311.0799865722656,52.72705841064453
2025-06-24,306.19000244140625,51.48606872558594
2025-06-25,307.1199951171875,51.54563522338867
2025-06-26,306.7799987792969,52.2405891418457
2025-06-27,301.2200012207031,50.36421585083008
2025-06-30,304.8299865722656,51.684627532958984
2025-07-01,307.54998779296875,51.664772033691406
2025-07-02,309.25,52.28030014038086
2025-07-03,307.1400146484375,52.528499603271484
2025-07-07,307.3699951171875,52.78662109375
2025-07-08,304.1600036621094,50.42378616333008
2025-07-09,305.5199890136719,51.128665924072266
2025-07-10,306.20001220703125,51.52578353881836
2025-07-11,309.1400146484375,52.042030334472656
2025-07-14,308.010009765625,52.071815490722656
2025-07-15,306.7300109863281,51.247798919677734
2025-07-16,308.260009765625,51.44635772705078
2025-07-17,307.5899963378906,50.870540618896484
2025-07-18,308.3900146484375,50.76133346557617
2025-07-21,313.1300048828125,52.6377067565918
2025-07-22,316.1000061035156,54.08717727661133
2025-07-23,312.17999267578125,53.4517936706543
2025-07-24,310.2699890136719,52.945472717285156
2025-07-25,307.3999938964844,53.570926666259766
2025-07-28,305.4100036621094,52.21080780029297
2025-07-29,306.25,52.86604690551758
2025-07-30,300.9599914550781,51.406646728515625
2025-07-31,302.9599914550781,51.26765441894531
2025-08-01,309.1099853515625,52.071815490722656
2025-08-04,310.9100036621094,54.543861389160156
2025-08-05,311.1600036621094,56.05290222167969
2025-08-06,310.5,56.9761962890625
2025-08-07,313.1199951171875,57.5222282409668
2025-08-08,313.04998779296875,57.6413688659668
2025-08-11,308.54998779296875,57.27403259277344
2025-08-12,308.2699890136719,57.790283203125
2025-08-13,309.2099914550781,57.65129470825195
2025-08-14,307.25,57.28396224975586
2025-08-15,307.42999267578125,57.859779357910156
2025-08-18,306.95001220703125,57.68107604980469
2025-08-19,305.2699890136719,56.191890716552734
2025-08-20,308.3599853515625,57.89949035644531
2025-08-21,307.2900085449219,58.86249923706055
2025-08-22,310.5799865722656,59.74607849121094
2025-08-25,309.8299865722656,59.82550048828125
2025-08-26,312.0799865722656,61.15583801269531
2025-08-27,312.7099914550781,61.036705017089844
2025-08-28,315.0299987792969,60.88779067993164
2025-08-29,318.07000732421875,62.71451950073242
2025-09-02,325.5899963378906,64.33277130126953
2025-09-03,328.1400146484375,64.7298812866211
2025-09-04,326.69000244140625,64.10442352294922
2025-09-05,331.04998779296875,65.86166381835938
2025-09-08,334.82000732421875,66.75517272949219
2025-09-09,334.05999755859375,66.36798858642578
2025-09-10,335.260009765625,68.00608825683594
2025-09-11,334.760009765625,69.25700378417969
2025-09-12,335.4200134277344,69.24707794189453
2025-09-15,338.9100036621094,69.97181701660156
2025-09-16,339.5899963378906,68.5223388671875
2025-09-17,336.9700012207031,68.1649398803711
2025-09-18,335.6199951171875,68.29399871826172
2025-09-19,339.17999267578125,71.8382568359375
2025-09-22,345.04998779296875,73.79405212402344
2025-09-23,346.4599914550781,73.69477844238281
2025-09-24,343.32000732421875,71.79854583740234
2025-09-25,344.75,72.60269927978516
2025-09-26,346.739990234375,74.14153289794922
2025-09-29,352.4599914550781,75.17403411865234
2025-09-30,355.4700012207031,75.84912872314453
2025-10-01,356.0299987792969,76.57386016845703
2025-10-02,354.7900085449219,76.54407501220703
2025-10-03,357.6400146484375,76.52422332763672
2025-10-06,364.3800048828125,78.0431900024414
2025-10-07,366.260009765625,76.4150161743164
2025-10-08,372.29998779296875,78.57929992675781
2025-10-09,365.42999267578125,75.06482696533203
2025-10-10,369.1199951171875,75.23359680175781
2025-10-13,378.0899963378906,78.79771423339844
2025-10-14,380.7900085449219,77.88434600830078
2025-10-15,387.3900146484375,80.882568359375
2025-10-16,396.45001220703125,83.83116149902344
2025-10-17,388.989990234375,78.1623306274414
2025-10-20,403.1499938964844,79.78057861328125
2025-10-21,377.239990234375,72.2651596069336
2025-10-22,377.2799987792969,72.42400360107422
2025-10-23,378.7900085449219,73.25794982910156
2025-10-24,377.5199890136719,72.27508544921875
2025-10-27,367.010009765625,69.40592956542969
2025-10-28,364.3800048828125,70.50791931152344
2025-10-29,363.0,70.55755615234375
2025-10-30,370.1300048828125,72.3743667602539
2025-10-31,368.1199951171875,71.54042053222656
2025-11-03,368.7799987792969,70.78590393066406
2025-11-04,362.32000732421875,67.78767395019531
2025-11-05,366.510009765625,70.16043853759766
2025-11-06,366.07000732421875,70.24979400634766
2025-11-07,368.30999755859375,72.02689361572266
2025-11-10,378.3800048828125,75.43215942382812
2025-11-11,379.8699951171875,76.15689086914062
2025-11-12,385.989990234375,78.67858123779297
2025-11-13,382.8699951171875,76.49444580078125
2025-11-14,375.9599914550781,75.6108627319336
2025-11-17,371.6499938964844,74.40957641601562
2025-11-18,374.3500061035156,75.08467864990234
2025-11-19,374.9599914550781,75.83919525146484
2025-11-20,374.8500061035156,72.44386291503906
2025-11-21,374.2699890136719,73.11895751953125
2025-11-24,380.20001220703125,77.39788055419922
2025-11-25,380.0799865722656,77.2390365600586
2025-11-26,383.1199951171875,80.96199798583984
2025-11-28,387.8800048828125,82.6298828125
2025-12-01,389.75,82.22283935546875
2025-12-02,387.239990234375,81.02156066894531
2025-12-03,386.8800048828125,80.47552490234375
2025-12-04,387.1300048828125,80.80314636230469
2025-12-05,386.44000244140625,80.44573974609375
2025-12-08,385.4200134277344,78.5892333984375
2025-12-09,387.3999938964844,81.34918212890625
2025-12-10,389.04998779296875,82.71923065185547
2025-12-11,393.239990234375,85.6380386352539
2025-12-12,395.44000244140625,85.04236602783203
2025-12-15,395.79998779296875,84.23819732666016
2025-12-16,395.8900146484375,84.21834564208984
2025-12-17,399.2900085449219,85.21113586425781
2025-12-18,398.57000732421875,85.05228424072266
2025-12-19,399.0199890136719,87.1570053100586
2025-12-22,408.2300109863281,90.18000030517578
2025-12-23,413.6400146484375,90.2699966430664
2025-12-24,411.92999267578125,89.69999694824219
2025-12-26,416.739990234375,91.29000091552734
2025-12-29,398.6000061035156,85.8499984741211
2025-12-30,398.8900146484375,86.83999633789062
2025-12-31,396.30999755859375,85.7699966430664
2026-01-02,398.2799987792969,85.7300033569336
2026-01-05,408.760009765625,88.44999694824219
2026-01-06,413.17999267578125,92.13999938964844
2026-01-07,409.2300109863281,91.05999755859375
2026-01-08,411.489990234375,91.54000091552734
2026-01-09,414.4700012207031,92.55999755859375
2026-01-12,422.2300109863281,95.72000122070312
2026-01-13,421.6300048828125,96.47000122070312
2026-01-14,425.94000244140625,96.86000061035156
2026-01-15,423.3299865722656,97.11000061035156
2026-01-16,421.2900085449219,97.23999786376953
2026-01-20,437.2300109863281,102.77999877929688
2026-01-21,443.6000061035156,101.29000091552734
2026-01-22,451.7900085449219,105.16999816894531
2026-01-23,458.0,107.0199966430664
2026-01-26,464.70001220703125,107.4800033569336
2026-01-27,476.1000061035156,109.29000091552734
2026-01-28,494.55999755859375,112.16000366210938
2026-01-29,495.8999938964844,107.9800033569336
2026-01-30,444.95001220703125,94.19999694824219
2026-02-02,427.1300048828125,94.19000244140625
2026-02-03,454.2900085449219,98.22000122070312
2026-02-04,453.9700012207031,98.69999694824219
2026-02-05,441.8800048828125,92.44000244140625
2026-02-06,455.4599914550781,97.38999938964844
2026-02-09,467.0299987792969,102.88999938964844
2026-02-10,462.3999938964844,103.01000213623047
2026-02-11,467.6300048828125,105.97000122070312
2026-02-12,451.3900146484375,98.27999877929688
2026-02-13,462.6199951171875,103.94000244140625
2026-02-17,448.20001220703125,100.25
2026-02-18,458.2799987792969,102.55999755859375
2026-02-19,459.55999755859375,104.23999786376953
2026-02-20,468.6199951171875,106.26000213623047
2026-02-23,481.2799987792969,110.29000091552734
2026-02-24,474.6099853515625,110.69999694824219
2026-02-25,473.4200134277344,111.16000366210938
2026-02-26,477.4800109863281,113.88999938964844
2026-02-27,483.75,115.83999633789062
2026-03-02,490.0,115.33999633789062
2026-03-03,468.1400146484375,105.23999786376953
2026-03-04,471.79998779296875,105.87999725341797
2026-03-05,466.1300048828125,101.81999969482422
2026-03-06,473.510009765625,101.37999725341797
2026-03-09,472.5299987792969,102.44000244140625
2026-03-10,477.8599853515625,103.37000274658203
2026-03-11,476.239990234375,101.36000061035156
2026-03-12,466.8800048828125,99.30000305175781
2026-03-13,460.8399963378906,93.26000213623047
2026-03-16,460.42999267578125,94.37999725341797
2026-03-17,459.2699890136719,93.95999908447266
2026-03-18,444.739990234375,88.11000061035156
2026-03-19,426.4100036621094,82.9000015258789
2026-03-20,413.3800048828125,80.12000274658203
2026-03-23,404.0400085449219,83.37999725341797
2026-03-24,404.1300048828125,83.5
2026-03-25,416.2900085449219,86.31999969482422
2026-03-26,400.6400146484375,82.38999938964844
2026-03-27,414.70001220703125,85.79000091552734
2026-03-30,414.5799865722656,85.79000091552734
2026-03-31,430.2900085449219,91.7699966430664
2026-04-01,437.82000732421875,96.01000213623047
2026-04-02,429.4100036621094,94.58999633789062
2026-04-06,427.6499938964844,93.81999969482422
2026-04-07,431.80999755859375,94.97000122070312
2026-04-08,434.5299987792969,98.18000030517578
2026-04-09,437.9100036621094,98.3499984741211
2026-04-10,437.1300048828125,99.38999938964844
2026-04-13,435.3599853515625,98.77999877929688
2026-04-14,445.0899963378906,100.75
2026-04-15,440.4599914550781,97.7699966430664
2026-04-16,440.0799865722656,97.66000366210938
2026-04-17,445.92999267578125,100.33999633789062
2026-04-20,442.0899963378906,99.12999725341797
2026-04-21,429.57000732421875,92.98999786376953
2026-04-22,435.260009765625,94.4800033569336
2026-04-23,431.0400085449219,92.19000244140625
2026-04-24,433.25,94.33999633789062
2026-04-27,429.8900146484375,92.58999633789062
2026-04-28,421.9100036621094,88.54000091552734
2026-04-29,417.4100036621094,86.22000122070312
2026-04-30,423.6600036621094,88.29000091552734
2026-05-01,423.17999267578125,87.11000061035156
2026-05-04,414.7099914550781,85.6500015258789
2026-05-05,418.2699890136719,85.80999755859375
2026-05-06,430.9599914550781,92.44000244140625
2026-05-07,431.67999267578125,91.72000122070312
2026-05-08,433.7699890136719,94.58999633789062
2026-05-11,434.6499938964844,97.5999984741211
2026-05-12,432.92999267578125,97.13999938964844
2026-05-13,430.5,96.2300033569336
2026-05-14,427.2099914550781,93.94999694824219
2026-05-15,417.2900085449219,87.3499984741211
2026-05-18,418.42999267578125,87.13999938964844
2026-05-19,411.5,83.77999877929688
2026-05-20,417.3999938964844,86.36000061035156
2026-05-21,416.989990234375,85.98999786376953
2026-05-22,413.82000732421875,85.0199966430664
2026-05-26,414.0,88.5
2026-05-27,408.489990234375,85.44000244140625
2026-05-28,412.7699890136719,87.18000030517578
2026-05-29,417.1199951171875,89.48999786376953
2026-06-01,411.260009765625,86.68000030517578
2026-06-02,411.95001220703125,88.05000305175781
2026-06-03,407.8699951171875,85.0
2026-06-04,411.2699890136719,86.4000015258789
2026-06-05,396.239990234375,78.83999633789062
2026-06-08,397.2699890136719,78.66999816894531
2026-06-09,390.7799987792969,77.58999633789062
2026-06-10,374.5799865722656,73.80999755859375
2026-06-11,386.32000732421875,77.72000122070312
2026-06-12,386.5400085449219,80.02999877929688
2026-06-15,396.54998779296875,85.2699966430664
2026-06-16,397.6300048828125,87.23999786376953
2026-06-17,388.6000061035156,84.36000061035156
2026-06-18,387.1199951171875,82.51000213623047
2026-06-22,384.5899963378906,81.44000244140625
2026-06-23,377.32000732421875,77.66000366210938
2026-06-24,365.9200134277344,74.58999633789062
2026-06-25,369.4599914550781,75.66999816894531
2026-06-26,373.6300048828125,77.0
2026-06-29,368.5799865722656,75.68000030517578
2026-06-30,368.3800048828125,75.44999694824219
2026-07-01,370.6000061035156,75.06999969482422
2026-07-02,378.1300048828125,78.43000030517578
2026-07-06,380.80999755859375,78.58999633789062
